[
  {
    "model": "auth.user",
    "fields": {
      "password": "pbkdf2_sha256$1000000$xtpSs3nMpI0xs5KuDgofjt$SJMPTbNyDm9OLiVflPy1aMLuAhFCwG7nqL2ThKE4v3o=",
      "last_login": null,
      "is_superuser": false,
      "username": "s@gmail.com",
      "first_name": "",
      "last_name": "",
      "email": "s@gmail.com",
      "is_staff": false,
      "is_active": true,
      "date_joined": "2025-12-07T05:13:31.528Z",
      "groups": [],
      "user_permissions": []
    }
  },
  {
    "model": "auth.user",
    "fields": {
      "password": "pbkdf2_sha256$1000000$gVjzYrWC3sdBnvSeeAB00B$3J/ddZ7/Zgn3OP2THbiL8yc+r81kRCG/w3yZNDSmDMs=",
      "last_login": null,
      "is_superuser": false,
      "username": "s1@gmail.com",
      "first_name": "",
      "last_name": "",
      "email": "s1@gmail.com",
      "is_staff": false,
      "is_active": true,
      "date_joined": "2025-12-07T05:33:23.461Z",
      "groups": [],
      "user_permissions": []
    }
  },
  {
    "model": "auth.user",
    "fields": {
      "password": "pbkdf2_sha256$1000000$s1SWgTF78mpyhZ8ndu6rzR$cmxMtSwzDLQLVLrflU9Rrl0wT10BpdgOs3PLoAmQFSY=",
      "last_login": "2025-12-07T05:49:04.120Z",
      "is_superuser": true,
      "username": "ekra@gmail.com",
      "first_name": "",
      "last_name": "",
      "email": "ekra@gmail.com",
      "is_staff": true,
      "is_active": true,
      "date_joined": "2025-12-07T05:47:19.171Z",
      "groups": [],
      "user_permissions": []
    }
  },
  {
    "model": "auth.user",
    "fields": {
      "password": "pbkdf2_sha256$1000000$K1actKkIzq7VuBySLydf63$hxXJ4rwLOyF73VTXHeqLyPw6F+NL3b655mGrmbXcAWo=",
      "last_login": null,
      "is_superuser": false,
      "username": "riya_12@gmail.com",
      "first_name": "",
      "last_name": "",
      "email": "riya_12@gmail.com",
      "is_staff": false,
      "is_active": true,
      "date_joined": "2025-12-07T07:17:59.600Z",
      "groups": [],
      "user_permissions": []
    }
  },
  {
    "model": "auth.user",
    "fields": {
      "password": "pbkdf2_sha256$1000000$T2dSUE8HMt3Q3SymkNZMBU$+pHx5q2xke/tzFZi5srm6am4J12ivrCNS6IxA9PY91I=",
      "last_login": null,
      "is_superuser": false,
      "username": "abc55@gmail.com",
      "first_name": "",
      "last_name": "",
      "email": "abc55@gmail.com",
      "is_staff": false,
      "is_active": true,
      "date_joined": "2025-12-07T07:22:27.105Z",
      "groups": [],
      "user_permissions": []
    }
  },
  {
    "model": "auth.user",
    "fields": {
      "password": "pbkdf2_sha256$1000000$JBEtrLRukSRHmoFKKdUsyH$h1RWa54dOk5TowsfsRHwFphS0DZW6ZfffoxdL7V161U=",
      "last_login": null,
      "is_superuser": false,
      "username": "abc22@gmail.com",
      "first_name": "",
      "last_name": "",
      "email": "abc22@gmail.com",
      "is_staff": false,
      "is_active": true,
      "date_joined": "2025-12-07T07:25:34.711Z",
      "groups": [],
      "user_permissions": []
    }
  },
  {
    "model": "auth.user",
    "fields": {
      "password": "pbkdf2_sha256$1000000$S3OwFr1QwyFiGKlPbmSEQo$xp9+EsuOfaConmCp4H6Tho4910LG+VJAENBn7BgqmWM=",
      "last_login": null,
      "is_superuser": false,
      "username": "hello_20@gmail.com",
      "first_name": "",
      "last_name": "",
      "email": "hello_20@gmail.com",
      "is_staff": false,
      "is_active": true,
      "date_joined": "2025-12-07T07:49:51.557Z",
      "groups": [],
      "user_permissions": []
    }
  },
  {
    "model": "auth.user",
    "fields": {
      "password": "pbkdf2_sha256$1000000$l8Nkfw2LTXL8jH2F7kBKYJ$/n9smfRPqx+2ti+CCS1Sw3TeLzfVpxaQRxM92YhAM5U=",
      "last_login": "2025-12-07T08:48:58.665Z",
      "is_superuser": false,
      "username": "hlo12@gmail.com",
      "first_name": "",
      "last_name": "",
      "email": "hlo12@gmail.com",
      "is_staff": false,
      "is_active": true,
      "date_joined": "2025-12-07T07:55:46.756Z",
      "groups": [],
      "user_permissions": []
    }
  },
  {
    "model": "auth.user",
    "fields": {
      "password": "pbkdf2_sha256$1000000$tCN2aUPynjtJWtmGsckM3x$XmZh6sAwbXfgY2KK1QL7vn7+IdgioBnN63bplGjmSV8=",
      "last_login": "2025-12-20T00:37:10.075Z",
      "is_superuser": true,
      "username": "admin",
      "first_name": "",
      "last_name": "",
      "email": "ekrashaikh30@gmail.com",
      "is_staff": true,
      "is_active": true,
      "date_joined": "2025-12-13T17:58:32.825Z",
      "groups": [],
      "user_permissions": []
    }
  },
  {
    "model": "auth.user",
    "fields": {
      "password": "pbkdf2_sha256$1000000$jhWaVTWpIUWurkrcddO8eJ$GtjYwfUdhebZudS18ZjVc7u1Nzc6GIjBMxdQ/Kp/73g=",
      "last_login": null,
      "is_superuser": false,
      "username": "riya",
      "first_name": "",
      "last_name": "",
      "email": "riya_12@gmail.com",
      "is_staff": false,
      "is_active": true,
      "date_joined": "2025-12-19T07:54:50.046Z",
      "groups": [],
      "user_permissions": []
    }
  },
  {
    "model": "auth.user",
    "fields": {
      "password": "pbkdf2_sha256$1000000$Pqz7zj5UkH1WuePqlVXI32$REtTvM5CfFEOjg6sJNF+FmCnEL6s1kstpVz1BFcdGUc=",
      "last_login": null,
      "is_superuser": false,
      "username": "shravani",
      "first_name": "",
      "last_name": "",
      "email": "shravani12@gmail.com",
      "is_staff": false,
      "is_active": true,
      "date_joined": "2025-12-19T20:26:43.555Z",
      "groups": [],
      "user_permissions": []
    }
  },
  {
    "model": "auth.user",
    "fields": {
      "password": "pbkdf2_sha256$1000000$F91GMc0LctHk0ImydPQktY$wL1GW0ZKLKld/YTPJez1SaGYliJRKmoSLoJQzfIn8AY=",
      "last_login": null,
      "is_superuser": false,
      "username": "piya",
      "first_name": "",
      "last_name": "",
      "email": "p@gmail.com",
      "is_staff": false,
      "is_active": true,
      "date_joined": "2025-12-19T20:28:41.587Z",
      "groups": [],
      "user_permissions": []
    }
  },
  {
    "model": "auth.user",
    "fields": {
      "password": "pbkdf2_sha256$1000000$bPFFlaRqemdtLWoIfwklou$oN1qfvPL0fag6k7GMhN5FWDYxjjm6AgHwhj/lu0UJh4=",
      "last_login": "2025-12-19T21:21:16.366Z",
      "is_superuser": false,
      "username": "riya shinde",
      "first_name": "",
      "last_name": "",
      "email": "riya_12@gmail.com",
      "is_staff": false,
      "is_active": true,
      "date_joined": "2025-12-19T20:30:00.033Z",
      "groups": [],
      "user_permissions": []
    }
  },
  {
    "model": "auth.user",
    "fields": {
      "password": "pbkdf2_sha256$1000000$xRdeyeh0DdEIqoDe0lYHwi$fJ9/C1T1K5tnqnd8OHdZhbocO53VxBUemZH2srEaiOM=",
      "last_login": "2025-12-19T22:24:42.187Z",
      "is_superuser": false,
      "username": "aishwarya",
      "first_name": "",
      "last_name": "",
      "email": "aish12@gmail.com",
      "is_staff": false,
      "is_active": true,
      "date_joined": "2025-12-19T22:24:25.341Z",
      "groups": [],
      "user_permissions": []
    }
  },
  {
    "model": "auth.user",
    "fields": {
      "password": "pbkdf2_sha256$1000000$iNWI7KF2YK6RS6WhVCDPUZ$6evH4ZDhGcxEV3b4pOCr/TXqNmB9IODrPPtXc7uWfWU=",
      "last_login": "2025-12-20T00:23:35.993Z",
      "is_superuser": false,
      "username": "Ekra",
      "first_name": "",
      "last_name": "",
      "email": "ekra30@gmail.com",
      "is_staff": false,
      "is_active": true,
      "date_joined": "2025-12-19T22:39:08.351Z",
      "groups": [],
      "user_permissions": []
    }
  },
  {
    "model": "auth.user",
    "fields": {
      "password": "pbkdf2_sha256$1200000$4RTNpPEVixHCMtStmDlZHg$IEymewW8i2gqbD1U2LjdkxUkzpZBRAyEH7kPNeXd9go=",
      "last_login": "2026-02-17T16:42:50.844Z",
      "is_superuser": false,
      "username": "Aditya",
      "first_name": "",
      "last_name": "",
      "email": "adipanicker7@gmail.com",
      "is_staff": false,
      "is_active": true,
      "date_joined": "2026-02-17T16:41:29.454Z",
      "groups": [],
      "user_permissions": []
    }
  },
  {
    "model": "sessions.session",
    "pk": "adpmq345x0ha42yiv4q0uga6119o4ogz",
    "fields": {
      "session_data": ".eJxVjDsOwjAQBe_iGllrG_8o6XMGa_1ZHEC2FCcV4u4QKQW0b2beiwXc1hq2UZYwZ3Zhnp1-t4jpUdoO8h3brfPU27rMke8KP-jgU8_leT3cv4OKo35rksa4M0hPWoP1ShZjbJJKUAECZXVMloRT5Mgkq0GjyFEnIlRAmAV7fwC_fjeu:1vWVLA:_9FDkdrJs_k17qakegr5LBmzB9V5ddUeRisyAZ4eAdg",
      "expire_date": "2026-01-02T07:55:56.614Z"
    }
  },
  {
    "model": "sessions.session",
    "pk": "c8z5d4f86b0lpejspux3qgvwa4lu4vyo",
    "fields": {
      "session_data": ".eJxVjDsOwjAQBe_iGllrG_8o6XMGa_1ZHEC2FCcV4u4QKQW0b2beiwXc1hq2UZYwZ3Zhnp1-t4jpUdoO8h3brfPU27rMke8KP-jgU8_leT3cv4OKo35rksa4M0hPWoP1ShZjbJJKUAECZXVMloRT5Mgkq0GjyFEnIlRAmAV7fwC_fjeu:1vWky6:EvZsju-r2_rSytWqnMLQe-j5CoRceKUf9v5adgm-nL8",
      "expire_date": "2026-01-03T00:37:10.085Z"
    }
  },
  {
    "model": "sessions.session",
    "pk": "kp4bx9z0terdokrtgry078s7ft3whscw",
    "fields": {
      "session_data": ".eJxVjEsOwiAUAO_C2hAe5evSfc9A4D0qVQNJaVfGuxuSLnQ7M5k3C_HYSzh63sJK7MrAsMsvTBGfuQ5Dj1jvjWOr-7YmPhJ-2s7nRvl1O9u_QYm9jK8mAm-0tVIKC1JkoRJIQgdGA6LKwkwp6WgEpQUnJxcfvQFnUZEgxz5f3s43Zg:1vsO9y:BmXiynerwRpmAzedAVV15y2Tofc-WLfXS6lbocQbJP4",
      "expire_date": "2026-03-03T16:42:50.848Z"
    }
  },
  {
    "model": "sessions.session",
    "pk": "rln0iwckngutd0drl4t9n021b60cqd34",
    "fields": {
      "session_data": ".eJxVjDsOwjAQBe_iGllrG_8o6XMGa_1ZHEC2FCcV4u4QKQW0b2beiwXc1hq2UZYwZ3Zhnp1-t4jpUdoO8h3brfPU27rMke8KP-jgU8_leT3cv4OKo35rksa4M0hPWoP1ShZjbJJKUAECZXVMloRT5Mgkq0GjyFEnIlRAmAV7fwC_fjeu:1vWWZD:a44IMZHle9mRHQU6AH4PkvHpHX-l_KLvj9BxP64aHfs",
      "expire_date": "2026-01-02T09:14:31.589Z"
    }
  },
  {
    "model": "app.feedback",
    "pk": 1,
    "fields": {
      "name": "hlo12@gmail.com",
      "email": "hlo12@gmail.com",
      "message": "nice",
      "rating": 5,
      "created_at": "2025-12-13T17:51:24.622Z"
    }
  },
  {
    "model": "app.feedback",
    "pk": 2,
    "fields": {
      "name": "riya shinde",
      "email": "riya_12@gmail.com",
      "message": "excellent products",
      "rating": 4,
      "created_at": "2025-12-19T20:32:30.209Z"
    }
  },
  {
    "model": "app.category",
    "pk": 7,
    "fields": {
      "name": "Accessories",
      "image": "categories/about-crochet.jpg"
    }
  },
  {
    "model": "app.category",
    "pk": 8,
    "fields": {
      "name": "Clothings",
      "image": "categories/home-bg1.png"
    }
  },
  {
    "model": "app.category",
    "pk": 9,
    "fields": {
      "name": "Bags",
      "image": "categories/purse3_oYyFRc9.webp"
    }
  },
  {
    "model": "app.category",
    "pk": 10,
    "fields": {
      "name": "Decor Items",
      "image": "categories/purse4.webp"
    }
  },
  {
    "model": "app.product",
    "pk": 5,
    "fields": {
      "category": 7,
      "name": "Makeup pouch",
      "price": "699.00",
      "description": "A compact handmade crochet pouch designed to store makeup and small daily essentials. Lightweight, durable, and stylish, making it ideal for everyday use or gifting.",
      "image": "products/acc1.jpg"
    }
  },
  {
    "model": "app.product",
    "pk": 6,
    "fields": {
      "category": 7,
      "name": "Earbuds Case",
      "price": "299.00",
      "description": "A cute handmade crochet case designed to protect earbuds from dust and scratches. Lightweight, compact, and easy to carry in a bag or pocket.",
      "image": "products/acc3.jpg"
    }
  },
  {
    "model": "app.product",
    "pk": 7,
    "fields": {
      "category": 7,
      "name": "Kitchen",
      "price": "249.00",
      "description": "Handmade crochet kitchen accessories designed for daily use. Durable, reusable, and eco-friendly, adding a touch of style and warmth to your kitchen.",
      "image": "products/acc5.jpg"
    }
  },
  {
    "model": "app.product",
    "pk": 8,
    "fields": {
      "category": 8,
      "name": "Muffler",
      "price": "999.00",
      "description": "A soft handmade crochet muffler designed to provide warmth and comfort. Lightweight yet cozy, it adds a stylish touch to winter outfits and is suitable for daily wear.",
      "image": "products/cloth3.jpg"
    }
  },
  {
    "model": "app.product",
    "pk": 9,
    "fields": {
      "category": 8,
      "name": "Crochet Shoulder Tote",
      "price": "1199.00",
      "description": "A handmade crochet shoulder tote designed for everyday use. Lightweight yet sturdy, it is perfect for carrying essentials while adding a soft, elegant touch to casual outfits.",
      "image": "products/cloth4.jpg"
    }
  },
  {
    "model": "app.product",
    "pk": 10,
    "fields": {
      "category": 8,
      "name": "Shawl",
      "price": "1499.00",
      "description": "A handmade crochet poncho featuring a soft multicolor design. Lightweight and breathable, it provides comfort and style, making it perfect for casual wear, travel, or mild winter layering.",
      "image": "products/cloth5.webp"
    }
  },
  {
    "model": "app.product",
    "pk": 11,
    "fields": {
      "category": 9,
      "name": "Sling Bag",
      "price": "1599.00",
      "description": "A handmade crochet sling bag crafted with premium yarn and a secure metal lock. Stylish and compact, it is ideal for carrying daily essentials while adding an elegant touch to casual or festive outfits.",
      "image": "products/purse4.webp"
    }
  },
  {
    "model": "app.product",
    "pk": 12,
    "fields": {
      "category": 9,
      "name": "Crochet Wallet",
      "price": "799.00",
      "description": "A handmade crochet wallet designed with a secure button closure and elegant detailing. Compact, lightweight, and ideal for carrying cash, cards, or small essentials, making it perfect for daily use or gifting.",
      "image": "products/purse3.webp"
    }
  },
  {
    "model": "app.product",
    "pk": 13,
    "fields": {
      "category": 9,
      "name": "Mini Floral Bag",
      "price": "1099.00",
      "description": "A handmade crochet mini sling bag featuring a floral design and colorful chain strap. Compact and lightweight, it is perfect for carrying small essentials and adds a cute, playful touch to any outfit.",
      "image": "products/purse_B3Kegcj.jpg"
    }
  },
  {
    "model": "app.product",
    "pk": 14,
    "fields": {
      "category": 10,
      "name": "Cushion Covers",
      "price": "1299.00",
      "description": "Handmade crochet cushion covers crafted with soft, durable yarn and elegant textured patterns. Perfect for enhancing sofas, chairs, or beds with a cozy and stylish handmade look.",
      "image": "products/hd2.webp"
    }
  },
  {
    "model": "app.product",
    "pk": 15,
    "fields": {
      "category": 10,
      "name": "Mirror Frame",
      "price": "1099.00",
      "description": "A handmade crochet mirror frame designed to add a colorful and artistic touch to home decor. Lightweight and decorative, it is perfect for dressing tables, shelves, or wall display.",
      "image": "products/hd3.webp"
    }
  },
  {
    "model": "app.product",
    "pk": 16,
    "fields": {
      "category": 10,
      "name": "Wall Hanging",
      "price": "1299.00",
      "description": "A handmade crochet wall hanging crafted with detailed patterns and soft yarn. It adds a warm, artistic touch to living rooms, bedrooms, or entryways and enhances home decor with a unique handmade style.",
      "image": "products/hd4.avif"
    }
  },
  {
    "model": "app.cart",
    "pk": 7,
    "fields": {
      "user": ["riya shinde"],
      "product": 11,
      "qty": 1,
      "created_at": "2025-12-19T21:50:38.411Z"
    }
  },
  {
    "model": "app.contact",
    "pk": 2,
    "fields": {
      "name": "riya shinde",
      "email": "riya_12@gmail.com",
      "message": "i want to know more about the products.",
      "created_at": "2025-12-19T20:33:16.247Z"
    }
  },
  {
    "model": "app.order",
    "pk": 1,
    "fields": {
      "user": ["riya shinde"],
      "total_amount": "1199.00",
      "full_name": "riya shinde",
      "phone": "9607168186",
      "address": "Guru Prasad colony, lane no 2 near Cummins college of engineering for women,karve nagarnull",
      "payment_method": "ONLINE",
      "payment_status": "Paid",
      "order_status": "Cancelled",
      "created_at": "2025-12-19T20:31:07.069Z"
    }
  },
  {
    "model": "app.order",
    "pk": 2,
    "fields": {
      "user": ["riya shinde"],
      "total_amount": "2498.00",
      "full_name": "EKRA SHAIKH",
      "phone": "9607168186",
      "address": "Guru Prasad colony, lane no 2 near Cummins college of engineering for women,karve nagarnull",
      "payment_method": "COD",
      "payment_status": "Pending",
      "order_status": "Delivered",
      "created_at": "2025-12-19T20:34:08.896Z"
    }
  },
  {
    "model": "app.order",
    "pk": 3,
    "fields": {
      "user": ["riya shinde"],
      "total_amount": "1099.00",
      "full_name": "EKRA SHAIKH",
      "phone": "9607168186",
      "address": "Guru Prasad colony, lane no 2 near Cummins college of engineering for women,karve nagarnull",
      "payment_method": "ONLINE",
      "payment_status": "Paid",
      "order_status": "Shipped",
      "created_at": "2025-12-19T20:34:50.684Z"
    }
  },
  {
    "model": "app.order",
    "pk": 4,
    "fields": {
      "user": ["riya shinde"],
      "total_amount": "299.00",
      "full_name": "EKRA SHAIKH",
      "phone": "9607168186",
      "address": "Guru Prasad colony, lane no 2 near Cummins college of engineering for women,karve nagarnull",
      "payment_method": "COD",
      "payment_status": "Pending",
      "order_status": "Shipped",
      "created_at": "2025-12-19T21:21:52.459Z"
    }
  },
  {
    "model": "app.order",
    "pk": 5,
    "fields": {
      "user": ["aishwarya"],
      "total_amount": "299.00",
      "full_name": "Aishwarya",
      "phone": "9876554321",
      "address": "pune, india",
      "payment_method": "ONLINE",
      "payment_status": "Paid",
      "order_status": "Delivered",
      "created_at": "2025-12-19T22:33:38.846Z"
    }
  },
  {
    "model": "app.order",
    "pk": 6,
    "fields": {
      "user": ["aishwarya"],
      "total_amount": "1099.00",
      "full_name": "Aishwarya",
      "phone": "9876554321",
      "address": "pune, india",
      "payment_method": "COD",
      "payment_status": "Pending",
      "order_status": "Cancelled",
      "created_at": "2025-12-19T22:37:37.693Z"
    }
  },
  {
    "model": "app.order",
    "pk": 7,
    "fields": {
      "user": ["Ekra"],
      "total_amount": "1099.00",
      "full_name": "Ekra Shakih",
      "phone": "9607168186",
      "address": "Pune, India",
      "payment_method": "ONLINE",
      "payment_status": "Paid",
      "order_status": "Delivered",
      "created_at": "2025-12-19T22:48:55.660Z"
    }
  },
  {
    "model": "app.order",
    "pk": 8,
    "fields": {
      "user": ["Ekra"],
      "total_amount": "699.00",
      "full_name": "EKRA SHAIKH",
      "phone": "9607168186",
      "address": "Pune, India",
      "payment_method": "COD",
      "payment_status": "Pending",
      "order_status": "Shipped",
      "created_at": "2025-12-19T22:49:37.947Z"
    }
  },
  {
    "model": "app.order",
    "pk": 9,
    "fields": {
      "user": ["Aditya"],
      "total_amount": "799.00",
      "full_name": "Aditya Panicker",
      "phone": "9372093845",
      "address": "dadawd",
      "payment_method": "ONLINE",
      "payment_status": "Paid",
      "order_status": "Placed",
      "created_at": "2026-02-17T16:42:21.719Z"
    }
  },
  {
    "model": "app.orderitem",
    "pk": 1,
    "fields": {
      "order": 1,
      "product": 9,
      "qty": 1,
      "price": "1199.00"
    }
  },
  {
    "model": "app.orderitem",
    "pk": 2,
    "fields": {
      "order": 2,
      "product": 14,
      "qty": 1,
      "price": "1299.00"
    }
  },
  {
    "model": "app.orderitem",
    "pk": 3,
    "fields": {
      "order": 2,
      "product": 9,
      "qty": 1,
      "price": "1199.00"
    }
  },
  {
    "model": "app.orderitem",
    "pk": 4,
    "fields": {
      "order": 3,
      "product": 13,
      "qty": 1,
      "price": "1099.00"
    }
  },
  {
    "model": "app.orderitem",
    "pk": 5,
    "fields": {
      "order": 4,
      "product": 6,
      "qty": 1,
      "price": "299.00"
    }
  },
  {
    "model": "app.orderitem",
    "pk": 6,
    "fields": {
      "order": 5,
      "product": 6,
      "qty": 1,
      "price": "299.00"
    }
  },
  {
    "model": "app.orderitem",
    "pk": 7,
    "fields": {
      "order": 6,
      "product": 15,
      "qty": 1,
      "price": "1099.00"
    }
  },
  {
    "model": "app.orderitem",
    "pk": 8,
    "fields": {
      "order": 7,
      "product": 13,
      "qty": 1,
      "price": "1099.00"
    }
  },
  {
    "model": "app.orderitem",
    "pk": 9,
    "fields": {
      "order": 8,
      "product": 5,
      "qty": 1,
      "price": "699.00"
    }
  },
  {
    "model": "app.orderitem",
    "pk": 10,
    "fields": {
      "order": 9,
      "product": 12,
      "qty": 1,
      "price": "799.00"
    }
  },
  {
    "model": "admin.logentry",
    "pk": 1,
    "fields": {
      "action_time": "2025-12-19T07:53:20.136Z",
      "user": ["admin"],
      "content_type": ["app", "category"],
      "object_id": "1",
      "object_repr": "Bags",
      "action_flag": 1,
      "change_message": "[{\"added\": {}}]"
    }
  },
  {
    "model": "admin.logentry",
    "pk": 2,
    "fields": {
      "action_time": "2025-12-19T07:57:48.752Z",
      "user": ["admin"],
      "content_type": ["app", "product"],
      "object_id": "1",
      "object_repr": "Shopping Bag",
      "action_flag": 1,
      "change_message": "[{\"added\": {}}]"
    }
  },
  {
    "model": "admin.logentry",
    "pk": 3,
    "fields": {
      "action_time": "2025-12-19T09:16:45.409Z",
      "user": ["admin"],
      "content_type": ["app", "category"],
      "object_id": "2",
      "object_repr": "Sweaters",
      "action_flag": 1,
      "change_message": "[{\"added\": {}}]"
    }
  },
  {
    "model": "admin.logentry",
    "pk": 4,
    "fields": {
      "action_time": "2025-12-19T09:16:58.649Z",
      "user": ["admin"],
      "content_type": ["app", "product"],
      "object_id": "1",
      "object_repr": "Shopping Bag",
      "action_flag": 2,
      "change_message": "[]"
    }
  },
  {
    "model": "admin.logentry",
    "pk": 5,
    "fields": {
      "action_time": "2025-12-19T09:17:04.913Z",
      "user": ["admin"],
      "content_type": ["app", "product"],
      "object_id": "1",
      "object_repr": "Shopping Bag",
      "action_flag": 2,
      "change_message": "[]"
    }
  },
  {
    "model": "admin.logentry",
    "pk": 6,
    "fields": {
      "action_time": "2025-12-19T09:51:07.605Z",
      "user": ["admin"],
      "content_type": ["app", "category"],
      "object_id": "3",
      "object_repr": "Mufflers",
      "action_flag": 1,
      "change_message": "[{\"added\": {}}]"
    }
  },
  {
    "model": "admin.logentry",
    "pk": 7,
    "fields": {
      "action_time": "2025-12-19T09:51:36.653Z",
      "user": ["admin"],
      "content_type": ["app", "category"],
      "object_id": "4",
      "object_repr": "Hair",
      "action_flag": 1,
      "change_message": "[{\"added\": {}}]"
    }
  },
  {
    "model": "admin.logentry",
    "pk": 8,
    "fields": {
      "action_time": "2025-12-19T16:36:23.371Z",
      "user": ["admin"],
      "content_type": ["app", "product"],
      "object_id": "2",
      "object_repr": "Ek",
      "action_flag": 1,
      "change_message": "[{\"added\": {}}]"
    }
  },
  {
    "model": "admin.logentry",
    "pk": 9,
    "fields": {
      "action_time": "2025-12-19T16:42:36.477Z",
      "user": ["admin"],
      "content_type": ["app", "category"],
      "object_id": "4",
      "object_repr": "Hair",
      "action_flag": 3,
      "change_message": ""
    }
  },
  {
    "model": "admin.logentry",
    "pk": 10,
    "fields": {
      "action_time": "2025-12-19T16:42:41.007Z",
      "user": ["admin"],
      "content_type": ["app", "category"],
      "object_id": "3",
      "object_repr": "Mufflers",
      "action_flag": 3,
      "change_message": ""
    }
  },
  {
    "model": "admin.logentry",
    "pk": 11,
    "fields": {
      "action_time": "2025-12-19T16:42:55.427Z",
      "user": ["admin"],
      "content_type": ["app", "category"],
      "object_id": "2",
      "object_repr": "Clothings",
      "action_flag": 2,
      "change_message": "[{\"changed\": {\"fields\": [\"Name\"]}}]"
    }
  },
  {
    "model": "admin.logentry",
    "pk": 12,
    "fields": {
      "action_time": "2025-12-19T16:43:11.391Z",
      "user": ["admin"],
      "content_type": ["app", "category"],
      "object_id": "1",
      "object_repr": "Handcrafted",
      "action_flag": 2,
      "change_message": "[{\"changed\": {\"fields\": [\"Name\"]}}]"
    }
  },
  {
    "model": "admin.logentry",
    "pk": 13,
    "fields": {
      "action_time": "2025-12-19T16:45:21.114Z",
      "user": ["admin"],
      "content_type": ["app", "category"],
      "object_id": "5",
      "object_repr": "Homecrafted",
      "action_flag": 1,
      "change_message": "[{\"added\": {}}]"
    }
  },
  {
    "model": "admin.logentry",
    "pk": 14,
    "fields": {
      "action_time": "2025-12-19T16:45:40.491Z",
      "user": ["admin"],
      "content_type": ["app", "category"],
      "object_id": "6",
      "object_repr": "Decoritems",
      "action_flag": 1,
      "change_message": "[{\"added\": {}}]"
    }
  },
  {
    "model": "admin.logentry",
    "pk": 15,
    "fields": {
      "action_time": "2025-12-19T17:26:38.646Z",
      "user": ["admin"],
      "content_type": ["app", "category"],
      "object_id": "6",
      "object_repr": "Decoritems",
      "action_flag": 3,
      "change_message": ""
    }
  },
  {
    "model": "admin.logentry",
    "pk": 16,
    "fields": {
      "action_time": "2025-12-19T17:26:42.707Z",
      "user": ["admin"],
      "content_type": ["app", "category"],
      "object_id": "5",
      "object_repr": "Homecrafted",
      "action_flag": 3,
      "change_message": ""
    }
  },
  {
    "model": "admin.logentry",
    "pk": 17,
    "fields": {
      "action_time": "2025-12-19T17:26:47.442Z",
      "user": ["admin"],
      "content_type": ["app", "category"],
      "object_id": "1",
      "object_repr": "Handcrafted",
      "action_flag": 3,
      "change_message": ""
    }
  },
  {
    "model": "admin.logentry",
    "pk": 18,
    "fields": {
      "action_time": "2025-12-19T17:26:52.283Z",
      "user": ["admin"],
      "content_type": ["app", "category"],
      "object_id": "2",
      "object_repr": "Clothings",
      "action_flag": 3,
      "change_message": ""
    }
  },
  {
    "model": "admin.logentry",
    "pk": 19,
    "fields": {
      "action_time": "2025-12-19T17:37:39.249Z",
      "user": ["admin"],
      "content_type": ["app", "category"],
      "object_id": "7",
      "object_repr": "Accessories",
      "action_flag": 1,
      "change_message": "[{\"added\": {}}]"
    }
  },
  {
    "model": "admin.logentry",
    "pk": 20,
    "fields": {
      "action_time": "2025-12-19T17:38:05.973Z",
      "user": ["admin"],
      "content_type": ["app", "category"],
      "object_id": "8",
      "object_repr": "Clothings",
      "action_flag": 1,
      "change_message": "[{\"added\": {}}]"
    }
  },
  {
    "model": "admin.logentry",
    "pk": 21,
    "fields": {
      "action_time": "2025-12-19T17:38:28.745Z",
      "user": ["admin"],
      "content_type": ["app", "category"],
      "object_id": "9",
      "object_repr": "Bags",
      "action_flag": 1,
      "change_message": "[{\"added\": {}}]"
    }
  },
  {
    "model": "admin.logentry",
    "pk": 22,
    "fields": {
      "action_time": "2025-12-19T17:38:57.880Z",
      "user": ["admin"],
      "content_type": ["app", "category"],
      "object_id": "10",
      "object_repr": "Decor Items",
      "action_flag": 1,
      "change_message": "[{\"added\": {}}]"
    }
  },
  {
    "model": "admin.logentry",
    "pk": 23,
    "fields": {
      "action_time": "2025-12-19T17:39:22.783Z",
      "user": ["admin"],
      "content_type": ["app", "product"],
      "object_id": "3",
      "object_repr": "pin",
      "action_flag": 1,
      "change_message": "[{\"added\": {}}]"
    }
  },
  {
    "model": "admin.logentry",
    "pk": 24,
    "fields": {
      "action_time": "2025-12-19T17:39:33.540Z",
      "user": ["admin"],
      "content_type": ["app", "product"],
      "object_id": "3",
      "object_repr": "pin",
      "action_flag": 2,
      "change_message": "[]"
    }
  },
  {
    "model": "admin.logentry",
    "pk": 25,
    "fields": {
      "action_time": "2025-12-19T17:40:04.139Z",
      "user": ["admin"],
      "content_type": ["app", "product"],
      "object_id": "4",
      "object_repr": "hiud",
      "action_flag": 1,
      "change_message": "[{\"added\": {}}]"
    }
  },
  {
    "model": "admin.logentry",
    "pk": 26,
    "fields": {
      "action_time": "2025-12-19T19:16:14.290Z",
      "user": ["admin"],
      "content_type": ["app", "product"],
      "object_id": "3",
      "object_repr": "pin",
      "action_flag": 3,
      "change_message": ""
    }
  },
  {
    "model": "admin.logentry",
    "pk": 27,
    "fields": {
      "action_time": "2025-12-19T19:16:20.356Z",
      "user": ["admin"],
      "content_type": ["app", "product"],
      "object_id": "4",
      "object_repr": "hiud",
      "action_flag": 3,
      "change_message": ""
    }
  },
  {
    "model": "admin.logentry",
    "pk": 28,
    "fields": {
      "action_time": "2025-12-19T19:18:25.532Z",
      "user": ["admin"],
      "content_type": ["app", "product"],
      "object_id": "5",
      "object_repr": "Makeup pouch",
      "action_flag": 1,
      "change_message": "[{\"added\": {}}]"
    }
  },
  {
    "model": "admin.logentry",
    "pk": 29,
    "fields": {
      "action_time": "2025-12-19T19:19:52.498Z",
      "user": ["admin"],
      "content_type": ["app", "product"],
      "object_id": "6",
      "object_repr": "Earbuds Case",
      "action_flag": 1,
      "change_message": "[{\"added\": {}}]"
    }
  },
  {
    "model": "admin.logentry",
    "pk": 30,
    "fields": {
      "action_time": "2025-12-19T19:21:05.500Z",
      "user": ["admin"],
      "content_type": ["app", "product"],
      "object_id": "7",
      "object_repr": "Kitchen",
      "action_flag": 1,
      "change_message": "[{\"added\": {}}]"
    }
  },
  {
    "model": "admin.logentry",
    "pk": 31,
    "fields": {
      "action_time": "2025-12-19T19:22:18.973Z",
      "user": ["admin"],
      "content_type": ["app", "product"],
      "object_id": "8",
      "object_repr": "Muffler",
      "action_flag": 1,
      "change_message": "[{\"added\": {}}]"
    }
  },
  {
    "model": "admin.logentry",
    "pk": 32,
    "fields": {
      "action_time": "2025-12-19T19:24:06.649Z",
      "user": ["admin"],
      "content_type": ["app", "product"],
      "object_id": "9",
      "object_repr": "Crochet Shoulder Tote",
      "action_flag": 1,
      "change_message": "[{\"added\": {}}]"
    }
  },
  {
    "model": "admin.logentry",
    "pk": 33,
    "fields": {
      "action_time": "2025-12-19T19:25:00.501Z",
      "user": ["admin"],
      "content_type": ["app", "product"],
      "object_id": "10",
      "object_repr": "Shawl",
      "action_flag": 1,
      "change_message": "[{\"added\": {}}]"
    }
  },
  {
    "model": "admin.logentry",
    "pk": 34,
    "fields": {
      "action_time": "2025-12-19T19:26:58.576Z",
      "user": ["admin"],
      "content_type": ["app", "product"],
      "object_id": "11",
      "object_repr": "Sling Bag",
      "action_flag": 1,
      "change_message": "[{\"added\": {}}]"
    }
  },
  {
    "model": "admin.logentry",
    "pk": 35,
    "fields": {
      "action_time": "2025-12-19T19:27:56.304Z",
      "user": ["admin"],
      "content_type": ["app", "product"],
      "object_id": "12",
      "object_repr": "Crochet Wallet",
      "action_flag": 1,
      "change_message": "[{\"added\": {}}]"
    }
  },
  {
    "model": "admin.logentry",
    "pk": 36,
    "fields": {
      "action_time": "2025-12-19T19:28:53.686Z",
      "user": ["admin"],
      "content_type": ["app", "product"],
      "object_id": "13",
      "object_repr": "Mini Floral Bag",
      "action_flag": 1,
      "change_message": "[{\"added\": {}}]"
    }
  },
  {
    "model": "admin.logentry",
    "pk": 37,
    "fields": {
      "action_time": "2025-12-19T19:30:48.861Z",
      "user": ["admin"],
      "content_type": ["app", "product"],
      "object_id": "14",
      "object_repr": "Cushion Covers",
      "action_flag": 1,
      "change_message": "[{\"added\": {}}]"
    }
  },
  {
    "model": "admin.logentry",
    "pk": 38,
    "fields": {
      "action_time": "2025-12-19T19:31:40.981Z",
      "user": ["admin"],
      "content_type": ["app", "product"],
      "object_id": "15",
      "object_repr": "Mirror Frame",
      "action_flag": 1,
      "change_message": "[{\"added\": {}}]"
    }
  },
  {
    "model": "admin.logentry",
    "pk": 39,
    "fields": {
      "action_time": "2025-12-19T19:32:52.122Z",
      "user": ["admin"],
      "content_type": ["app", "product"],
      "object_id": "16",
      "object_repr": "Wall Hanging",
      "action_flag": 1,
      "change_message": "[{\"added\": {}}]"
    }
  },
  {
    "model": "admin.logentry",
    "pk": 40,
    "fields": {
      "action_time": "2025-12-19T19:33:07.214Z",
      "user": ["admin"],
      "content_type": ["app", "contact"],
      "object_id": "1",
      "object_repr": "abs",
      "action_flag": 3,
      "change_message": ""
    }
  },
  {
    "model": "admin.logentry",
    "pk": 41,
    "fields": {
      "action_time": "2025-12-19T20:49:42.334Z",
      "user": ["admin"],
      "content_type": ["app", "orderitem"],
      "object_id": "4",
      "object_repr": "Mini Floral Bag (x1)",
      "action_flag": 2,
      "change_message": "[]"
    }
  },
  {
    "model": "admin.logentry",
    "pk": 42,
    "fields": {
      "action_time": "2025-12-19T21:20:18.114Z",
      "user": ["admin"],
      "content_type": ["app", "order"],
      "object_id": "3",
      "object_repr": "Order #3 - riya shinde",
      "action_flag": 2,
      "change_message": "[{\"changed\": {\"fields\": [\"Order status\"]}}]"
    }
  },
  {
    "model": "admin.logentry",
    "pk": 43,
    "fields": {
      "action_time": "2025-12-19T21:20:18.119Z",
      "user": ["admin"],
      "content_type": ["app", "order"],
      "object_id": "2",
      "object_repr": "Order #2 - riya shinde",
      "action_flag": 2,
      "change_message": "[{\"changed\": {\"fields\": [\"Order status\"]}}]"
    }
  },
  {
    "model": "admin.logentry",
    "pk": 44,
    "fields": {
      "action_time": "2025-12-19T21:20:18.125Z",
      "user": ["admin"],
      "content_type": ["app", "order"],
      "object_id": "1",
      "object_repr": "Order #1 - riya shinde",
      "action_flag": 2,
      "change_message": "[{\"changed\": {\"fields\": [\"Order status\"]}}]"
    }
  },
  {
    "model": "admin.logentry",
    "pk": 45,
    "fields": {
      "action_time": "2025-12-19T22:50:49.030Z",
      "user": ["admin"],
      "content_type": ["app", "order"],
      "object_id": "8",
      "object_repr": "Order #8 - Ekra",
      "action_flag": 2,
      "change_message": "[{\"changed\": {\"fields\": [\"Order status\"]}}]"
    }
  },
  {
    "model": "admin.logentry",
    "pk": 46,
    "fields": {
      "action_time": "2025-12-19T22:50:49.036Z",
      "user": ["admin"],
      "content_type": ["app", "order"],
      "object_id": "7",
      "object_repr": "Order #7 - Ekra",
      "action_flag": 2,
      "change_message": "[{\"changed\": {\"fields\": [\"Order status\"]}}]"
    }
  },
  {
    "model": "admin.logentry",
    "pk": 47,
    "fields": {
      "action_time": "2025-12-19T22:50:49.040Z",
      "user": ["admin"],
      "content_type": ["app", "order"],
      "object_id": "6",
      "object_repr": "Order #6 - aishwarya",
      "action_flag": 2,
      "change_message": "[{\"changed\": {\"fields\": [\"Order status\"]}}]"
    }
  },
  {
    "model": "admin.logentry",
    "pk": 48,
    "fields": {
      "action_time": "2025-12-19T22:50:49.044Z",
      "user": ["admin"],
      "content_type": ["app", "order"],
      "object_id": "5",
      "object_repr": "Order #5 - aishwarya",
      "action_flag": 2,
      "change_message": "[{\"changed\": {\"fields\": [\"Order status\"]}}]"
    }
  },
  {
    "model": "admin.logentry",
    "pk": 49,
    "fields": {
      "action_time": "2025-12-19T22:50:49.048Z",
      "user": ["admin"],
      "content_type": ["app", "order"],
      "object_id": "4",
      "object_repr": "Order #4 - riya shinde",
      "action_flag": 2,
      "change_message": "[{\"changed\": {\"fields\": [\"Order status\"]}}]"
    }
  }
]
